INSERT INTO roles (title) VALUES ('Admin'), ('Customer');

insert into users (user_id, email, first_name, last_name, password, phone_number, income, role_role_id) values (1, 'qhortop0@indiatimes.com', 'Quinlan', 'Hortop', 'nxznohip,$$', '843-481-6389', 3370.2, 2);
insert into users (user_id, email, first_name, last_name, password, phone_number, income, role_role_id) values (2, 'fevetts1@parallels.com', 'Finlay', 'Evetts', 'eabuszwgg<P_P~', '301-137-3299', 6532.32, 2);
insert into users (user_id, email, first_name, last_name, password, phone_number, income, role_role_id) values (3, 'sdicarlo2@myspace.com', 'Selestina', 'Di Carlo', 'qroksnsiHz', '467-500-1098', 1794.16, 2);
insert into users (user_id, email, first_name, last_name, password, phone_number, income, role_role_id) values (4, 'gnavarro3@nydailynews.com', 'Gale', 'Navarro', 'taldvinra{<J>X9', '588-467-8983', 4099.85, 1);
insert into users (user_id, email, first_name, last_name, password, phone_number, income, role_role_id) values (5, 'bphillot4@youtube.com', 'Brander', 'Phillot', 'hpjyoqrk', '623-551-3439', 1959.22, 1);
insert into users (user_id, email, first_name, last_name, password, phone_number, income, role_role_id) values (6, 'trockhall5@imageshack.us', 'Thorstein', 'Rockhall', 'xfazkwic%l%|1', '167-458-6990', 6317.94, 2);
insert into users (user_id, email, first_name, last_name, password, phone_number, income, role_role_id) values (7, 'rbaggaley6@aol.com', 'Ruddie', 'Baggaley', 'rcwyqsovK}|#V', '725-428-0687', 802.52, 2);
insert into users (user_id, email, first_name, last_name, password, phone_number, income, role_role_id) values (8, 'sgullen7@wired.com', 'Shanta', 'Gullen', 'byqvgawnh=U|wiT*', '558-278-3799', 1941.27, 2);
insert into users (user_id, email, first_name, last_name, password, phone_number, income, role_role_id) values (9, 'aarman8@mozilla.com', 'Aldrich', 'Arman', 'mqxfwsoe21Wj&Be', '733-849-0248', 5556.44, 1);
insert into users (user_id, email, first_name, last_name, password, phone_number, income, role_role_id) values (10, 'jpedrielli9@stanford.edu', 'Josie', 'Pedrielli', 'ukdgaihy', '328-865-4946', 2938.84, 2);
insert into users (user_id, email, first_name, last_name, password, phone_number, income, role_role_id) values (11, 'hkantora@cocolog-nifty.com', 'Herman', 'Kantor', 'vbfvnauljY"@/e', '248-461-8841', 5283.39, 1);
insert into users (user_id, email, first_name, last_name, password, phone_number, income, role_role_id) values (12, 'kburdikinb@java.com', 'Kippar', 'Burdikin', 'creavbjz(b6{C?', '985-615-5141', 5536.53, 1);
insert into users (user_id, email, first_name, last_name, password, phone_number, income, role_role_id) values (13, 'twalfordc@seesaa.net', 'Travers', 'Walford', 'ucjijaxj', '883-681-9011', 7853.3, 2);
insert into users (user_id, email, first_name, last_name, password, phone_number, income, role_role_id) values (14, 'kkatzd@last.fm', 'Karia', 'Katz', 'ybfxkndeMFBsgE+', '953-104-4194', 4550.31, 2);
insert into users (user_id, email, first_name, last_name, password, phone_number, income, role_role_id) values (15, 'tleabeatere@delicious.com', 'Theo', 'Leabeater', 'dkuiweqka', '580-279-3907', 8819.88, 2);
insert into users (user_id, email, first_name, last_name, password, phone_number, income, role_role_id) values (16, 'mcarrivickf@quantcast.com', 'Minta', 'Carrivick', 'zohtufplyE', '358-877-4528', 1801.97, 1);
insert into users (user_id, email, first_name, last_name, password, phone_number, income, role_role_id) values (17, 'cblaesg@yelp.com', 'Carlina', 'Blaes', 'fucckvvwv)Z', '340-654-5280', 2872.3, 1);
insert into users (user_id, email, first_name, last_name, password, phone_number, income, role_role_id) values (18, 'bsalth@weebly.com', 'Bette-ann', 'Salt', 'nclsqfhxG"@4"bZ', '900-978-5150', 420.1, 2);
insert into users (user_id, email, first_name, last_name, password, phone_number, income, role_role_id) values (19, 'chavesidesi@a8.net', 'Cassy', 'Havesides', 'rqsvjzatEz', '888-123-7048', 6558.2, 2);
insert into users (user_id, email, first_name, last_name, password, phone_number, income, role_role_id) values (20, 'bvlasyukj@auda.org.au', 'Bil', 'Vlasyuk', 'depqxyxo', '943-803-4230', 6869.99, 2);

INSERT INTO states (state_id, name) VALUES
    (1, 'Alabama'),
    (2, 'Alaska'),
    (3, 'Arizona'),
    (4, 'Arkansas'),
    (5, 'California'),
    (6, 'Colorado'),
    (7, 'Connecticut'),
    (8, 'Delaware'),
    (9, 'Florida'),
    (10, 'Georgia'),
    (11, 'Hawaii'),
    (12, 'Idaho'),
    (13, 'Illinois'),
    (14, 'Indiana'),
    (15, 'Iowa'),
    (16, 'Kansas'),
    (17, 'Kentucky'),
    (18, 'Louisiana'),
    (19, 'Maine'),
    (20, 'Maryland'),
    (21, 'Massachusetts'),
    (22, 'Michigan'),
    (23, 'Minnesota'),
    (24, 'Mississippi'),
    (25, 'Missouri'),
    (26, 'Montana'),
    (27, 'Nebraska'),
    (28, 'Nevada'),
    (29, 'New Hampshire'),
    (30, 'New Jersey'),
    (31, 'New Mexico'),
    (32, 'New York'),
    (33, 'North Carolina'),
    (34, 'North Dakota'),
    (35, 'Ohio'),
    (36, 'Oklahoma'),
    (37, 'Oregon'),
    (38, 'Pennsylvania'),
    (39, 'Rhode Island'),
    (40, 'South Carolina'),
    (41, 'South Dakota'),
    (42, 'Tennessee'),
    (43, 'Texas'),
    (44, 'Utah'),
    (45, 'Vermont'),
    (46, 'Virginia'),
    (47, 'Washington'),
    (48, 'West Virginia'),
    (49, 'Wisconsin'),
    (50, 'Wyoming');

insert into zip_codes (zip_id, zip_code) values (1, 73460);
insert into zip_codes (zip_id, zip_code) values (2, 70317);
insert into zip_codes (zip_id, zip_code) values (3, 88460);
insert into zip_codes (zip_id, zip_code) values (4, 28754);
insert into zip_codes (zip_id, zip_code) values (5, 66642);
insert into zip_codes (zip_id, zip_code) values (6, 77368);
insert into zip_codes (zip_id, zip_code) values (7, 57366);
insert into zip_codes (zip_id, zip_code) values (8, 73834);
insert into zip_codes (zip_id, zip_code) values (9, 83917);
insert into zip_codes (zip_id, zip_code) values (10, 11295);
insert into zip_codes (zip_id, zip_code) values (11, 53638);
insert into zip_codes (zip_id, zip_code) values (12, 89212);
insert into zip_codes (zip_id, zip_code) values (13, 44750);
insert into zip_codes (zip_id, zip_code) values (14, 36684);
insert into zip_codes (zip_id, zip_code) values (15, 29344);
insert into zip_codes (zip_id, zip_code) values (16, 53603);
insert into zip_codes (zip_id, zip_code) values (17, 26835);
insert into zip_codes (zip_id, zip_code) values (18, 57746);
insert into zip_codes (zip_id, zip_code) values (19, 45286);
insert into zip_codes (zip_id, zip_code) values (20, 20592);
insert into zip_codes (zip_id, zip_code) values (21, 67624);
insert into zip_codes (zip_id, zip_code) values (22, 50481);
insert into zip_codes (zip_id, zip_code) values (23, 36545);
insert into zip_codes (zip_id, zip_code) values (24, 13536);
insert into zip_codes (zip_id, zip_code) values (25, 36247);
insert into zip_codes (zip_id, zip_code) values (26, 98692);
insert into zip_codes (zip_id, zip_code) values (27, 94762);
insert into zip_codes (zip_id, zip_code) values (28, 34911);
insert into zip_codes (zip_id, zip_code) values (29, 88718);
insert into zip_codes (zip_id, zip_code) values (30, 31220);
insert into zip_codes (zip_id, zip_code) values (31, 70177);
insert into zip_codes (zip_id, zip_code) values (32, 59013);
insert into zip_codes (zip_id, zip_code) values (33, 68929);
insert into zip_codes (zip_id, zip_code) values (34, 27517);
insert into zip_codes (zip_id, zip_code) values (35, 33039);
insert into zip_codes (zip_id, zip_code) values (36, 28419);
insert into zip_codes (zip_id, zip_code) values (37, 60970);
insert into zip_codes (zip_id, zip_code) values (38, 68438);
insert into zip_codes (zip_id, zip_code) values (39, 81655);
insert into zip_codes (zip_id, zip_code) values (40, 21571);
insert into zip_codes (zip_id, zip_code) values (41, 35197);
insert into zip_codes (zip_id, zip_code) values (42, 98213);
insert into zip_codes (zip_id, zip_code) values (43, 26618);
insert into zip_codes (zip_id, zip_code) values (44, 52477);
insert into zip_codes (zip_id, zip_code) values (45, 13396);
insert into zip_codes (zip_id, zip_code) values (46, 70948);
insert into zip_codes (zip_id, zip_code) values (47, 73821);
insert into zip_codes (zip_id, zip_code) values (48, 41881);
insert into zip_codes (zip_id, zip_code) values (49, 77546);
insert into zip_codes (zip_id, zip_code) values (50, 24446);  
  
insert into addresses (address_id, city, street, state_state_id, zip_zip_id) values (1, 'Perpignan', '28409 Dovetail Way', 1, 1);
insert into addresses (address_id, city, street, state_state_id, zip_zip_id) values (2, 'Shizukuishi', '65377 Independence Point', 2, 2);
insert into addresses (address_id, city, street, state_state_id, zip_zip_id) values (3, 'Caopie', '6984 John Wall Street', 3, 3);
insert into addresses (address_id, city, street, state_state_id, zip_zip_id) values (4, 'Pradera', '45 Mccormick Center', 4, 4);
insert into addresses (address_id, city, street, state_state_id, zip_zip_id) values (5, 'Próti', '5887 Esch Drive', 5, 5);
insert into addresses (address_id, city, street, state_state_id, zip_zip_id) values (6, 'Jiangdong', '284 Sunfield Alley', 6, 6);
insert into addresses (address_id, city, street, state_state_id, zip_zip_id) values (7, 'Votuporanga', '220 Dawn Drive', 7, 7);
insert into addresses (address_id, city, street, state_state_id, zip_zip_id) values (8, 'Puerto Plata', '7104 Daystar Parkway', 8, 8);
insert into addresses (address_id, city, street, state_state_id, zip_zip_id) values (9, 'Wierzchowo', '4247 Fieldstone Lane', 9, 9);
insert into addresses (address_id, city, street, state_state_id, zip_zip_id) values (10, 'Armação de Pêra', '88935 Westport Alley', 10, 10);
insert into addresses (address_id, city, street, state_state_id, zip_zip_id) values (11, 'Arendal', '3232 Caliangt Road', 11, 11);
insert into addresses (address_id, city, street, state_state_id, zip_zip_id) values (12, 'Batujaran', '2765 Scott Alley', 12, 12);
insert into addresses (address_id, city, street, state_state_id, zip_zip_id) values (13, 'Banawang', '78141 Shasta Terrace', 13, 13);
insert into addresses (address_id, city, street, state_state_id, zip_zip_id) values (14, 'Uummannaq', '96817 Lillian Trail', 14, 14);
insert into addresses (address_id, city, street, state_state_id, zip_zip_id) values (15, 'Uddiawan', '8602 Algoma Circle', 15, 15);
insert into addresses (address_id, city, street, state_state_id, zip_zip_id) values (16, 'Benavila', '968 Schiller Road', 16, 16);
insert into addresses (address_id, city, street, state_state_id, zip_zip_id) values (17, 'Prusice', '4 Thompson Center', 17, 17);
insert into addresses (address_id, city, street, state_state_id, zip_zip_id) values (18, 'Huangliu', '20085 Chinook Crossing', 18, 18);
insert into addresses (address_id, city, street, state_state_id, zip_zip_id) values (19, 'Nizhniy Kurkuzhin', '93 Stuart Circle', 19, 19);
insert into addresses (address_id, city, street, state_state_id, zip_zip_id) values (20, 'Phultala', '69 Merchant Junction', 20, 20);

INSERT INTO users_addresses (user_id, address_id)
VALUES  (1, 1),
        (2, 2),
        (3, 3),
        (4, 4),
        (5, 5),
        (6, 6),
        (7, 7),
        (8, 8),
        (9, 9),
        (10, 10),
        (11, 11),
        (12, 12),
        (13, 13),
        (14, 14),
        (15, 15),
        (16, 16),
        (17, 17),
        (18, 18),
        (19, 19),
        (20, 20);
 
INSERT INTO loan_types (type_id, type)
VALUES (1, 'Personal'),
       (2, 'Business'),
       (3, 'Home'),
       (4, 'Vehicle');      
      
INSERT INTO loans (loan_id, interest_rate, loan_amount, loan_balance, type_type_id, user_user_id)
VALUES  (1, 0.05, 1000.00, 1000.00, 3, 3),
        (2, 0.07, 2000.00, 1800.00, 2, 7),
        (3, 0.06, 1500.00, 1400.00, 1, 11),
        (4, 0.08, 3000.00, 2700.00, 2, 2),
        (5, 0.04, 2500.00, 2000.00, 1, 15),
        (6, 0.07, 4000.00, 3800.00, 4, 10),
        (7, 0.05, 1800.00, 1800.00, 3, 4),
        (8, 0.09, 3500.00, 3200.00, 1, 18),
        (9, 0.06, 2200.00, 2000.00, 2, 13),
        (10, 0.07, 5000.00, 4700.00, 1, 9),
        (11, 0.05, 4000.00, 3800.00, 3, 6),
        (12, 0.08, 6000.00, 5500.00, 4, 8),
        (13, 0.06, 3200.00, 3000.00, 2, 5),
        (14, 0.07, 4500.00, 4200.00, 1, 13),
        (15, 0.04, 1800.00, 1500.00, 2, 14),
        (16, 0.08, 7000.00, 6500.00, 3, 12),
        (17, 0.05, 2800.00, 2600.00, 4, 4),
        (18, 0.09, 5200.00, 4800.00, 1, 1),
        (19, 0.06, 3800.00, 3500.00, 2, 20),
        (20, 0.07, 5500.00, 5000.00, 3, 17);
      
INSERT INTO credit_cards (credit_id, annual_fee, balance, card_expiration, card_number, credit_limit, interest_rate, user_user_id)
VALUES  (1, 75.00, 500.00, CURRENT_DATE + INTERVAL '1 year', '1234567890123456', 2500.00, 0.15, 3),
        (2, 90.00, 1000.00, CURRENT_DATE + INTERVAL '1 year', '2345678901234567', 8000.00, 0.12, 7),
        (3, 60.00, 800.00, CURRENT_DATE + INTERVAL '1 year', '3456789012345678', 12000.00, 0.18, 11),
        (4, 80.00, 300.00, CURRENT_DATE + INTERVAL '1 year', '4567890123456789', 4000.00, 0.14, 2),
        (5, 50.00, 200.00, CURRENT_DATE + INTERVAL '1 year', '5678901234567890', 2500.00, 0.16, 15),
        (6, 95.00, 1000.00, CURRENT_DATE + INTERVAL '1 year', '6789012345678901', 7000.00, 0.13, 10),
        (7, 70.00, 700.00, CURRENT_DATE + INTERVAL '1 year', '7890123456789012', 8000.00, 0.17, 4),
        (8, 85.00, 400.00, CURRENT_DATE + INTERVAL '1 year', '8901234567890123', 5000.00, 0.19, 18),
        (9, 55.00, 200.00, CURRENT_DATE + INTERVAL '1 year', '9012345678901234', 10000.00, 0.15, 13),
        (10, 65.00, 900.00, CURRENT_DATE + INTERVAL '1 year', '0123456789012345', 7000.00, 0.16, 9);

      
INSERT INTO account_types (type_id, "type")
VALUES (1, 'Savings'),
       (2, 'Checking'),
       (3, 'Travel');

INSERT INTO accounts (account_id, type_type_id, balance, pin, user_user_id)
VALUES (1, 1, 5000.00, '1234', 1),
       (2, 2, 2500.00, '5678', 2),
       (3, 3, 1000.00, '9012', 3),
       (4, 1, 0.00, '3456', 4),
       (5, 2, 2000.00, '7890', 5),
       (6, 3, 4000.00, '2345', 6),
       (7, 1, 1500.00, '6789', 7),
       (8, 2, 3000.00, '0123', 8),
       (9, 3, 0.00, '4567', 9),
       (10, 1, 5000.00, '8901', 10),
       (11, 2, 1800.00, '2345', 11),
       (12, 3, 3200.00, '6789', 12),
       (13, 1, 2800.00, '0123', 13),
       (14, 2, 4500.00, '4567', 14),
       (15, 3, 0.00, '8901', 15),
       (16, 1, 7000.00, '2345', 16),
       (17, 2, 2600.00, '6789', 17),
       (18, 3, 4800.00, '0123', 18),
       (19, 1, 3500.00, '4567', 19),
       (20, 2, 5000.00, '8901', 20);     
       
INSERT INTO transaction_types (type_id, type)
VALUES (1, 'Withdrawal'),
       (2, 'Deposit'),
       (3, 'Fee');     
     
INSERT INTO transactions (transaction_id, amount, transaction_date, type_type_id, sender_account_account_id, receiver_account_account_id)
VALUES (1, 1000.00, CURRENT_DATE - INTERVAL '2 months', 1, 3, 7),
       (2, 500.00, CURRENT_DATE - INTERVAL '4 months', 2, 7, 10),
       (3, 2000.00, CURRENT_DATE - INTERVAL '3 months', 3, 5, 12),
       (4, 800.00, CURRENT_DATE - INTERVAL '5 months', 1, 4, 9),
       (5, 1500.00, CURRENT_DATE - INTERVAL '1 month', 2, 2, 15),
       (6, 300.00, CURRENT_DATE - INTERVAL '2 months', 3, 10, 18),
       (7, 1200.00, CURRENT_DATE - INTERVAL '3 months', 1, 1, 8),
       (8, 600.00, CURRENT_DATE - INTERVAL '5 months', 2, 18, 5),
       (9, 2500.00, CURRENT_DATE - INTERVAL '1 month', 3, 13, 2),
       (10, 1800.00, CURRENT_DATE - INTERVAL '4 months', 1, 9, 20),
       (11, 900.00, CURRENT_DATE - INTERVAL '6 months', 2, 6, 14),
       (12, 4000.00, CURRENT_DATE - INTERVAL '3 months', 3, 8, 17),
       (13, 700.00, CURRENT_DATE - INTERVAL '2 months', 1, 5, 6),
       (14, 350.00, CURRENT_DATE - INTERVAL '5 months', 2, 16, 11),
       (15, 2200.00, CURRENT_DATE - INTERVAL '4 months', 3, 14, 19),
       (16, 1000.00, CURRENT_DATE - INTERVAL '1 month', 1, 12, 16),
       (17, 550.00, CURRENT_DATE - INTERVAL '3 months', 2, 19, 3),
       (18, 2800.00, CURRENT_DATE - INTERVAL '6 months', 3, 6, 1),
       (19, 1300.00, CURRENT_DATE - INTERVAL '4 months', 1, 20, 4),
       (20, 400.00, CURRENT_DATE - INTERVAL '2 months', 2, 17, 13);

SELECT * FROM users;